{
  "metadata": {
    "input_documents": [
      "South of France - Cities.pdf",
      "South of France - Cuisine.pdf",
      "South of France - History.pdf",
      "South of France - Restaurants and Hotels.pdf",
      "South of France - Things to Do.pdf",
      "South of France - Tips and Tricks.pdf",
      "South of France - Traditions and Culture.pdf"
    ],
    "persona": "Food Contractor",
    "job_to_be_done": "Prepare a vegetarian buffet-style dinner menu for a corporate gathering, including gluten-free items.",
    "processing_timestamp": "2025-07-28T17:32:18.374956"
  },
  "extracted_sections": [
    {
      "document": "South of France - Cuisine.pdf",
      "page_number": 4,
      "section_title": "Must Visit Restaurants",
      "importance_rank": 1
    },
    {
      "document": "South of France - Tips and Tricks.pdf",
      "page_number": 2,
      "section_title": "General Packing Tips and Tricks",
      "importance_rank": 2
    },
    {
      "document": "South of France - Things to Do.pdf",
      "page_number": 5,
      "section_title": "Cooking Classes",
      "importance_rank": 3
    },
    {
      "document": "South of France - Restaurants and Hotels.pdf",
      "page_number": 3,
      "section_title": "Family Friendly Restaurants",
      "importance_rank": 4
    },
    {
      "document": "South of France - Cities.pdf",
      "page_number": 8,
      "section_title": "Key Attractions",
      "importance_rank": 5
    }
  ],
  "subsection_analysis": [
    {
      "document": "South of France - Cuisine.pdf",
      "page_number": 4,
      "refined_text": "To truly experience the culinary delights of the. South of. France, here are some restaurants you should consider visiting: Le. Petit. Nice. Passedat (Marseille): A three. Michelin starred restaurant offering exquisite seafood dishes and stunning views of the. Mediterranean. Chef. Gerald. Passedat is known for his innovative approach to seafood, creating dishes that are both visually stunning and incredibly flavorful. The restaurant's location on the cliffs overlooking the sea adds to the overall dining experience. La. Chevre d'Or (Eze): Located in a medieval village, this two. Michelin starred restaurant serves refined. Provencal cuisine with breathtaking views of the. French. Riviera. The restaurant's terrace offers panoramic views of the. Mediterranean, making it the perfect spot for a romantic dinner. The menu features dishes that highlight the region's fresh, seasonal ingredients. Le. Mirazur (Menton): Ranked among the world's best restaurants, Le. Mirazur offers a unique dining experience with a focus on fresh, local ingredients and innovative dishes. Chef. Mauro. Colagreco's cuisine is inspired by the surrounding landscape, with many ingredients sourced from the restaurant's own gardens. The menu changes with the seasons, ensuring that each visit is a new and exciting experience. Chez. Pipo (Nice): A local favorite for. Socca, this casual eatery is perfect for a quick and delicious snack. Chez. Pipo has been serving. Socca since 1923 and is a beloved institution in. Nice. The restaurant's simple, no frills approach allows the quality of the. Socca to shine through. L'Atelier de. Jean. Luc. Rabanel (Arles): A Michelin starred restaurant known for its creative and contemporary take on. Provencal cuisine. Chef. Jean. Luc. Rabanel's dishes are a feast for the senses, combining bold flavors with artistic presentation. The restaurant's tasting menu offers a journey through the flavors of. Provence, with each course showcasing the region's finest ingredients. La. Table de. Plaisance (Saint. Emilion): A two. Michelin starred restaurant offering a sophisticated menu that highlights the flavors of the region. The restaurant is located in a historic building in the heart of. Saint. Emilion, a town known for its world class wines. The menu features dishes that pair beautifully with the local wines, creating a truly memorable dining experience."
    },
    {
      "document": "South of France - Tips and Tricks.pdf",
      "page_number": 2,
      "refined_text": "Layering: The weather can vary, so pack layers to stay comfortable in different temperatures. Versatile. Clothing: Choose items that can be mixed and matched to create multiple outfits, helping you pack lighter. Packing. Cubes: Use packing cubes to organize your clothes and maximize suitcase space. Roll. Your. Clothes: Rolling clothes saves space and reduces wrinkles. Travel. Sized. Toiletries: Bring travel sized toiletries to save space and comply with airline regulations. Reusable. Bags: Pack a few reusable bags for laundry, shoes, or shopping. First. Aid. Kit: Include a small first aid kit with band aids, antiseptic wipes, and any necessary medications. Copies of. Important. Documents: Make copies of your passport, travel insurance, and other important documents. Keep them separate from the originals. Portable. Laundry. Kit: A small laundry kit with detergent and a travel clothesline can be handy for longer trips. Multi. Purpose. Shoes: Choose shoes that are comfortable for walking but can also be worn to a nice dinner. Travel. Pillow and. Blanket: A compact travel pillow and blanket can make long flights or train rides more comfortable. Ziplock. Bags: Use ziplock bags for liquids, snacks, or to keep items organized and protected from spills. Emergency. Contact. List: Have a list of emergency contacts, including local embassy or consulate information."
    },
    {
      "document": "South of France - Things to Do.pdf",
      "page_number": 5,
      "refined_text": "Provence: Learn to prepare traditional dishes like ratatouille and bouillabaisse. Perigord: Join a truffle hunting tour followed by a cooking class. Nice: Take a class to master. Nicoise cuisine, including dishes like salade nicoise and socca. Toulouse: Learn to cook regional specialties such as cassoulet. Marseille: Participate in a seafood cooking class to make dishes like bouillabaisse. Lyon: Discover the secrets of. Lyonnaise cuisine with a hands on cooking class. Sarlat: Join a foie gras workshop and learn to prepare this delicacy."
    },
    {
      "document": "South of France - Restaurants and Hotels.pdf",
      "page_number": 3,
      "refined_text": "Club 55 (Saint. Tropez): This iconic beach club offers a relaxed, family friendly atmosphere with a menu featuring fresh seafood and. Mediterranean dishes. The beachside location and casual vibe make it perfect for families. Le. Safari (Nice): Located in the heart of the old town, this restaurant offers a diverse menu with options for both adults and children. The lively setting and outdoor seating make it a great spot for a family meal. La. Table du. Marche (Saint. Remy de. Provence): A welcoming restaurant with a varied menu that includes kid friendly options and fresh, local ingredients. The charming setting and friendly staff ensure a pleasant dining experience for families. Le. Grill (Decize): A family friendly restaurant offering a variety of grilled meats and classic. French dishes in a casual setting. The relaxed atmosphere and extensive menu cater to all ages. Le. Jardin de. Benjamin (Lorgues): This restaurant offers a variety of dishes made with fresh, local ingredients. The outdoor seating and kid friendly menu make it a great spot for families. Le. Petit. Jardin (Montpellier): A family friendly restaurant offering a variety of. Mediterranean dishes. The outdoor seating and relaxed atmosphere make it a great spot for a family meal. Le. Cafe de la. Plage (Arcachon): This beachfront cafe offers a variety of seafood dishes and kid friendly options. The relaxed setting and beautiful views make it a great spot for families. Le. Petit. Nice (Marseille): A family friendly restaurant offering a variety of seafood dishes. The relaxed setting and fresh ingredients make it a popular choice. Le. Jardin des. Sens (Montpellier): This restaurant offers a variety of dishes made with fresh, local ingredients. The outdoor seating and kid friendly menu make it a great spot for families. Le. Cafe des. Arts (Nice): A family friendly cafe offering a variety of dishes and kid friendly options. The relaxed setting and friendly service make it a great spot for a family meal."
    },
    {
      "document": "South of France - Cities.pdf",
      "page_number": 8,
      "refined_text": "Cours. Mirabeau: This grand boulevard, lined with plane trees, cafes, and fountains, is the heart of. Aix en. Provence. It is a great place to soak up the city's atmosphere. Saint. Sauveur. Cathedral: This cathedral, built between the 5th and 17th centuries, features a mix of architectural styles, including. Romanesque, Gothic, and. Baroque. It is known for its beautiful cloister and triptych by. Nicolas. Froment. Hotel de. Ville: The town hall of. Aix en. Provence, built in the 17th century, is an elegant building with a beautiful clock tower and an ornate facade. The square in front of the. Hotel de. Ville is a lively spot, often hosting markets and events. Atelier. Cezanne: The studio of. Paul. Cezanne, one of the most famous painters associated with. Aix en. Provence, is preserved as a museum. Visitors can see where. Cezanne created many of his masterpieces and gain insight into his artistic process."
    }
  ]
}